serial_no,video_link,category,begin_time_stamp_in_min,end_time_stamp_in_min
cholecystectomy_000,https://www.youtube.com/watch?v=rPuYHj1IDKc&t=60s,cholecystectomy,"1,00","4,50"
cholecystectomy_001,https://www.youtube.com/watch?v=8tepFfxTaZw,cholecystectomy,"5,00","18,00"
cholecystectomy_002,https://www.youtube.com/watch?v=lb778SOPG9k,cholecystectomy,"9,00","30,20"
cholecystectomy_003,https://www.youtube.com/watch?v=G9EwcykWNJs,cholecystectomy,"0,00","7,30"
cholecystectomy_004,https://www.youtube.com/watch?v=BrZujiP4Lhw,cholecystectomy,"0,05","28,45"
cholecystectomy_005,https://www.youtube.com/watch?v=HAaVQYBNcMA,cholecystectomy,"6,30","29,00"
cholecystectomy_006,https://www.youtube.com/watch?v=G9EwcykWNJs&t=2s,cholecystectomy,"0,00","7,45"
cholecystectomy_007,https://www.youtube.com/watch?v=brlAoTNmS1E,cholecystectomy,"0,15","6,40"
cholecystectomy_008,https://www.youtube.com/watch?v=wmgBjBvrlSc,cholecystectomy,"1,55","3,20"
cholecystectomy_009,https://www.youtube.com/watch?v=QlFrKqnZbJw,cholecystectomy,"0,30","6,50"
cholecystectomy_010,https://www.youtube.com/watch?v=o84EeiLGbFE,cholecystectomy,"0,5","2,55"
cholecystectomy_011,https://www.youtube.com/watch?v=vOV4nZdgGdQ,cholecystectomy,"0,35","9,15"
cholecystectomy_012,https://www.youtube.com/watch?v=kUXnRVD-YGw,cholecystectomy,"0,25","6,00"
cholecystectomy_013,https://www.youtube.com/watch?v=zHKFtgceDiQ,cholecystectomy,"0,20","7,00"
cholecystectomy_014,https://www.youtube.com/watch?v=9eazGJc9WC0,cholecystectomy,"8,25","12,50"
cholecystectomy_015,https://www.youtube.com/watch?v=DUrV3WG0oW0,cholecystectomy,"1,20","5,10"
hemicolectomy_016,https://www.youtube.com/watch?v=YuccCj0kMok,hemicolectomy,"0,50","7,00"
cholecystectomy_017,https://www.youtube.com/watch?v=ilnTw7rUvVs,cholecystectomy,"0,40","5,55"
cholecystectomy_018,https://www.youtube.com/watch?v=KsWAcVM5u2c,cholecystectomy,"0,40","5,35"
cholecystectomy_019,https://www.youtube.com/watch?v=N5Ks19VrOzo,cholecystectomy,"1,00","3,45"
cholecystectomy_020,https://www.youtube.com/watch?v=9y0ir4xnT_g,cholecystectomy,"0,15","2,40"
cholecystectomy_021,https://www.youtube.com/watch?v=_91OMrXZu1M,cholecystectomy,"0,20","5,45"
cholecystectomy_022,https://www.youtube.com/watch?v=ia9niBeGJQg&t=212s,cholecystectomy,"1,25","15,20"
cholecystectomy_023,https://www.youtube.com/watch?v=Wf7mMqeD-Zg,cholecystectomy,"1,20","7,25"
hemicolectomy_024,https://www.youtube.com/watch?v=Q7uAciuDzfg,hemicolectomy,"1,35","9,20"
hemicolectomy_025,https://www.youtube.com/watch?v=3vH6j451lBY,hemicolectomy,"0,30","17,55"
splenectomy_026,https://www.youtube.com/watch?v=2g-Og3pxBiM,splenectomy,"0,25","6,25"
splenectomy_027,https://www.youtube.com/watch?v=wQTh9cKpDxI,splenectomy,"0,45","5,20"
hemicolectomy_028,https://www.youtube.com/watch?v=8oAE_7hD2Ic,hemicolectomy,"14,30","50,00"
hemicolectomy_029,https://www.youtube.com/watch?v=iL198hZ_WI8,hemicolectomy,"00,30","2,20"
hemicolectomy_030,https://www.youtube.com/watch?v=bCRl1Qpi140,hemicolectomy,"00,00","17,00"
cholecystectomy_031,https://www.youtube.com/watch?v=C5eW4RySjys,cholecystectomy,"00,30","20,00"
hemicolectomy_032,https://www.youtube.com/watch?v=tLdUqlz4afw,hemicolectomy,"00,30","10,30"
anterior_resection_033,https://www.youtube.com/watch?v=HLumfw76HwM,anterior_resection,"00,0","12,20"
anterior_resection_034,https://www.youtube.com/watch?v=pwimI6nUrw0,anterior_resection,"00,00","10,30"
colectomy_035,https://www.youtube.com/watch?v=ibPIOa5sARA,colectomy,"00,00","11,15"
colectomy_036,https://www.youtube.com/watch?v=Sq3EykLivcE,colectomy,"0,00","14,00"
colectomy_037,https://www.youtube.com/watch?v=zRqs7_IsACg,colectomy,"0,00","12,30"
anterior_resection_038,https://www.youtube.com/watch?v=Ln9O1JHzhy4,anterior_resection,"1,05","7,40"
cholecystectomy_039,https://www.youtube.com/watch?v=QP2cPWjn7cw,cholecystectomy,"0,00","14,10"
appendectomy_040,https://www.youtube.com/watch?v=fjPh3I2zS7E,appendectomy,"0,20","5,40"
appendectomy_041,https://www.youtube.com/watch?v=18eYVp244mQ&rco=1,appendectomy,"0,30","6,40"
appendectomy_042,https://www.youtube.com/watch?v=s5lThMjgX7w&rco=1,appendectomy,"0,20","14,50"
appendectomy_043,https://www.youtube.com/watch?v=_Lm_EUPxuGI&rco=1,appendectomy,"0,10","3,40"
appendectomy_044,https://www.youtube.com/watch?v=8SzcKhI3NIk&rco=1,appendectomy,"2,20","9,10"
appendectomy_045,https://www.youtube.com/watch?v=_yl9GqLGFd8&rco=1,appendectomy,"1,10","8,15"
appendectomy_046,https://www.youtube.com/watch?v=R8xqwOscRts&rco=1,appendectomy,"1,10","6,20"
appendectomy_047,https://www.youtube.com/watch?v=eH_WLmCiaaE&rco=1,appendectomy,"1,05","3,00"
appendectomy_048,https://www.youtube.com/watch?v=0tNYteZi4wE&rco=1,appendectomy,"2,20","13,00"
appendectomy_049,https://www.youtube.com/watch?v=bAZMFFGT0aY&rco=1,appendectomy,"1,20","5,50"
appendectomy_050,https://www.youtube.com/watch?v=AD1TM9kf7ak&rco=1,appendectomy,"0,20","3,10"
appendectomy_051,https://www.youtube.com/watch?v=J9mbWHnjsok&rco=1,appendectomy,"2,15","9,50"
appendectomy_052,https://www.youtube.com/watch?v=enlUl13H3bA&rco=1,appendectomy,"2,30","6,00"
appendectomy_053,https://www.youtube.com/watch?v=3r6MaNK_7ew&rco=1,appendectomy,"0,20","8,00"
appendectomy_054,https://www.youtube.com/watch?v=4TO7gfdWMfc&rco=1,appendectomy,"0,10","4,00"
appendectomy_055,https://www.youtube.com/watch?v=O3c4MMthSSo&rco=1,appendectomy,"0,15","4,15"
appendectomy_056,https://www.youtube.com/watch?v=2UYmf46KK5M&rco=1,appendectomy,"0,20","5,50"
appendectomy_057,https://www.youtube.com/watch?v=fDRosHtgHoU&rco=1,appendectomy,"0,30","8,40"
appendectomy_058,https://www.youtube.com/watch?v=OM9NZWlbwpk&rco=1,appendectomy,"0,10","3,30"
appendectomy_059,https://www.youtube.com/watch?v=AwRCrcifI70&rco=1,appendectomy,"0,25","4,40"
appendectomy_060,https://www.youtube.com/watch?v=XjtE1GHq8Cw&rco=1,appendectomy,"0,20","4,50"
appendectomy_061,https://www.youtube.com/watch?v=E8UPLNhr2B4&rco=1,appendectomy,"0,30","5,00"
appendectomy_062,https://www.youtube.com/watch?v=1jMZX-Du2EE&rco=1,appendectomy,"0,20","5,30"
appendectomy_063,https://www.youtube.com/watch?v=rGfu_yfHogs&rco=1,appendectomy,"0,25","10,30"
appendectomy_064,https://www.youtube.com/watch?v=kU-PTfUzxv0&rco=1,appendectomy,"0,10","3,30"
appendectomy_065,https://www.youtube.com/watch?v=g6Ye3CwNnmQ&rco=1,appendectomy,"0,10","5,30"
appendectomy_066,https://www.youtube.com/watch?v=4AqH7aVhgR4&rco=1,appendectomy,"0,20","4,00"
appendectomy_067,https://www.youtube.com/watch?v=gcFMU5wIw_U&rco=1,appendectomy,"0,30","8,40"
appendectomy_068,https://www.youtube.com/watch?v=SuYMqVT2TUo&rco=1,appendectomy,"0,30","17,30"
appendectomy_069,https://www.youtube.com/watch?v=F5Glai8DGRA&rco=1,appendectomy,"0,40","19,40"
appendectomy_070,https://www.youtube.com/watch?v=64s_4LNhKJ8&rco=1,appendectomy,"0,10","4,00"
appendectomy_071,https://www.youtube.com/watch?v=k0XYtSdXC2Q&rco=1,appendectomy,"0,05","2,40"
appendectomy_072,https://www.youtube.com/watch?v=V1CHU6ymMNg,appendectomy,"0,10","6,55"
appendectomy_073,https://www.youtube.com/watch?v=yObP9tm-sSo&rco=1,appendectomy,"0,10","15,40"
appendectomy_074,https://www.youtube.com/watch?v=R3xbGBPG0f0&rco=1,appendectomy,"2,00","5,30"
appendectomy_075,https://www.youtube.com/watch?v=_SO98EzSZBY&rco=1,appendectomy,"0,30","4,40"
appendectomy_076,https://www.youtube.com/watch?v=mYXJLt_D9xA&rco=1,appendectomy,"1,20","7,10"
appendectomy_077,https://www.youtube.com/watch?v=0FjDfiOQqQI&rco=1,appendectomy,"1,15","4,25"
hysterectomy_078,https://www.youtube.com/watch?v=UTRAt57UMjk&rco=1,hysterectomy,"6,05","26,30"
hysterectomy_079,https://www.youtube.com/watch?v=ua_o3qPNpMc&rco=1,hysterectomy,"0,05","25,10"
hysterectomy_080,https://www.youtube.com/watch?v=jpWRkN1Lbt4&rco=1,hysterectomy,"0,20","19,30"
hysterectomy_081,https://www.youtube.com/watch?v=7kFTv0tyuM0,hysterectomy,"0,15","14,20"
hysterectomy_082,https://www.youtube.com/watch?v=rpqt-q98l-k&rco=1,hysterectomy,"0,40","11,00"
hysterectomy_083,https://www.youtube.com/watch?v=awix050Jm9o,hysterectomy,"5,00","21,10"
hysterectomy_084,https://www.youtube.com/watch?v=qUV25O23I4M&rco=1,hysterectomy,"2,10","31,10"
hysterectomy_085,https://www.youtube.com/watch?v=uab8CTt8NF4&rco=1,hysterectomy,"0,30","16,50"
hysterectomy_086,https://www.youtube.com/watch?v=Hg76SBOCEMU,hysterectomy,"0,20","26,50"
hysterectomy_087,https://www.youtube.com/watch?v=i9vLtTZlmzA,hysterectomy,"0,20","6,20"
hysterectomy_088,https://www.youtube.com/watch?v=i9vLtTZlmzA&rco=1,hysterectomy,"0,10","6,30"
hysterectomy_089,https://www.youtube.com/watch?v=KMsMaNLBBos&rco=1,hysterectomy,"0,30","6,00"
hysterectomy_090,https://www.youtube.com/watch?v=5i2LCUJJYcM&rco=1,hysterectomy,"1,30","8,30"
hysterectomy_091,https://www.youtube.com/watch?v=mlp2hekjZNw&rco=1,hysterectomy,"0,05","4,10"
hysterectomy_092,https://www.youtube.com/watch?v=WN5FZe_cap0&rco=1,hysterectomy,"1,10","3,30"
hysterectomy_093,https://www.youtube.com/watch?v=pzpTsiJSQ3U,hysterectomy,"0,20","14,30"
hysterectomy_094,https://www.youtube.com/watch?v=QfnhZ0uSbAk&rco=1,hysterectomy,"0,10","4,20"
hysterectomy_095,https://www.youtube.com/watch?v=YlLy9V4M2f8&rco=1,hysterectomy,"0,15","7,00"
hysterectomy_096,https://www.youtube.com/watch?v=ZD1fdwAVmEw&rco=1,hysterectomy,"0,05","28,10"
hysterectomy_097,https://www.youtube.com/watch?v=jPi3uA4-r_U&rco=1,hysterectomy,"0,20","27,10"
hysterectomy_098,https://www.youtube.com/watch?v=jqViV3hbJ5U&rco=1,hysterectomy,"5,10","12,20"
hysterectomy_099,https://www.youtube.com/watch?v=XDzC9W26Jdw&rco=1,hysterectomy,"0,10","19,40"
hysterectomy_100,https://www.youtube.com/watch?v=3-omRRDXHbA&rco=1,hysterectomy,"0,10","14,50"
hysterectomy_101,https://www.youtube.com/watch?v=NlR92J6hMhk&rco=1,hysterectomy,"0,40","24,20"
hysterectomy_102,https://www.youtube.com/watch?v=HTndeQwg2Bk&rco=1,hysterectomy,"0,10","15,30"
hysterectomy_103,https://www.youtube.com/watch?v=usUPjMYTTVU&rco=1,hysterectomy,"0,40","9,30"
hysterectomy_104,https://www.youtube.com/watch?v=CTEjIR2RSGg&rco=1,hysterectomy,"0,20","13,30"
hysterectomy_105,https://www.youtube.com/watch?v=ShAdcLkxVZs,hysterectomy,"0,30","18,00"
hysterectomy_106,https://www.youtube.com/watch?v=We59HczAquk&rco=1,hysterectomy,"0,05","5,40"
hysterectomy_107,https://www.youtube.com/watch?v=teNq5vPVUGA&rco=1,hysterectomy,"5,40","55,50"
hysterectomy_108,https://www.youtube.com/watch?v=DO4YYM5rIiY&rco=1,hysterectomy,"0,10","15,20"
gastrectomy_109,https://www.youtube.com/watch?v=fecXdNs6rp0&rco=1,gastrectomy,"1,00","12,20"
gastrectomy_110,https://www.youtube.com/watch?v=xUv1GFxQaZk&rco=1,gastrectomy,"1,30","34,00"
gastrectomy_111,https://www.youtube.com/watch?v=ExC83UdR0X0&rco=1,gastrectomy,"0,05","3,05"
gastrectomy_112,https://www.youtube.com/watch?v=EMlxhICaG0s&rco=1,gastrectomy,"1,05","5,25"
gastrectomy_113,https://www.youtube.com/watch?v=3LJ0Oi5G_Co&rco=1,gastrectomy,"1,00","11,50"
gastrectomy_114,https://www.youtube.com/watch?v=d9YUTw3DiQ4&rco=1,gastrectomy,"0,25","6,45"
gastrectomy_115,https://www.youtube.com/watch?v=KM6UQzMwbWU,gastrectomy,"2,00","8,50"
gastrectomy_116,https://www.youtube.com/watch?v=srCQrVRjkz0&rco=1,gastrectomy,"1,00","3,20"
gastrectomy_117,https://www.youtube.com/watch?v=xjnCC3gIpEE&rco=1,gastrectomy,"2,10","5,30"
gastrectomy_118,https://www.youtube.com/watch?v=3csL9KfngG0&rco=1,gastrectomy,"0,30","5,50"
gastrectomy_119,https://www.youtube.com/watch?v=bL0bOBBwies&rco=1,gastrectomy,"2,40","14,00"
gastrectomy_120,https://www.youtube.com/watch?v=U-T7amTUNN4&rco=1,gastrectomy,"0,50","5,00"
gastrectomy_121,https://www.youtube.com/watch?v=11ZhEoKbVmU&rco=1,gastrectomy,"0,30","9,40"
gastrectomy_122,https://www.youtube.com/watch?v=Gsse_H7TTmg&rco=1,gastrectomy,"1,10","6,30"
gastrectomy_123,https://www.youtube.com/watch?v=XN6o2ri8pCc&rco=1,gastrectomy,"2,40","22,30"
gastrectomy_124,https://www.youtube.com/watch?v=k8SXVrKx_JM&rco=1,gastrectomy,"1,00","5,50"
gastrectomy_125,https://www.youtube.com/watch?v=aGFyA_yKTHQ&rco=1,gastrectomy,"2,40","13,10"
gastrectomy_126,https://www.youtube.com/watch?v=YqntMXDFMX0&rco=1,gastrectomy,"3,30","8,30"
gastrectomy_127,https://www.youtube.com/watch?v=kf0M5PHygq4&rco=1,gastrectomy,"5,00","22,10"
gastrectomy_128,https://www.youtube.com/watch?v=sfLHxneuOEM&rco=1,gastrectomy,"0,20","5,30"
gastrectomy_129,https://www.youtube.com/watch?v=yMGYJ6uCp3w&rco=1,gastrectomy,"0,50","9,00"
gastrectomy_130,https://www.youtube.com/watch?v=u2vHaisOp3U&rco=1,gastrectomy,"1,20","5,20"
gastrectomy_131,https://www.youtube.com/watch?v=_6umSOX7WLQ,gastrectomy,"0,45","4,10"
gastrectomy_132,https://www.youtube.com/watch?v=8td95zSP0eQ,gastrectomy,"1,00","7,20"
gastrectomy_133,https://www.youtube.com/watch?v=7d1WO2hPT_M&rco=1,gastrectomy,"1,00","6,30"
gastrectomy_134,https://www.youtube.com/watch?v=GRwnQ_dpNCc&rco=1,gastrectomy,"0,40","7,20"
gastrectomy_135,https://www.youtube.com/watch?v=74x2Tde-aWs&rco=1,gastrectomy,"0,40","5,20"
gastrectomy_136,https://www.youtube.com/watch?v=4tLedvVUx2g&rco=1,gastrectomy,"0,40","47,00"
gastrectomy_137,https://www.youtube.com/watch?v=qrpKP6NkeYc&rco=1,gastrectomy,"4,10","15,40"
gastrectomy_138,https://www.youtube.com/watch?v=Kbvi-MhqHlQ&rco=1,gastrectomy,"0,30","5,40"
gastrectomy_139,https://www.youtube.com/watch?v=BKE0PnizfV4&rco=1,gastrectomy,"0,10","11,40"
gastrectomy_140,https://www.youtube.com/watch?v=LJGzGCnZkrg&rco=1,gastrectomy,"0,30","7,40"
gastrectomy_141,https://www.youtube.com/watch?v=CD1afDem8yM&rco=1,gastrectomy,"1,30","7,00"
gastrectomy_142,https://www.youtube.com/watch?v=n8Ph9NOkkF8&rco=1,gastrectomy,"1,10","5,30"
gastrectomy_143,https://www.youtube.com/watch?v=_8-r40vUWc4&rco=1,gastrectomy,"1,00","8,10"
gastrectomy_144,https://www.youtube.com/watch?v=HZuruzJje8U&rco=1,gastrectomy,"0,05","8,30"
gastrectomy_145,https://www.youtube.com/watch?v=12dWPQugWuQ&rco=1,gastrectomy,"0,40","7,10"
cystectomy_146,https://www.youtube.com/watch?v=tYw2TqWEGds&rco=1,cystectomy,"1,00","16,10"
oophorectomy_147,https://www.youtube.com/watch?v=m43zBXvCG6c&rco=1,oophorectomy,"0,20","10,20"
cystectomy_148,https://www.youtube.com/watch?v=cbXRFwbyX9g&rco=1,cystectomy,"0,40","7,50"
cystectomy_149,https://www.youtube.com/watch?v=jOFXzMbeAps&rco=1,cystectomy,"1,10","8,50"
nephrectomy_150,https://www.youtube.com/watch?v=_iNAmCfb9L0&rco=1,nephrectomy,"1,30","10,20"
nephrectomy_151,https://www.youtube.com/watch?v=HgG76pGgwoQ&rco=1,nephrectomy,"0,40","19,20"
nephrectomy_152,https://www.youtube.com/watch?v=gNM0XXjtCco&rco=1,nephrectomy,"0,40","13,40"
nephrectomy_153,https://www.youtube.com/watch?v=Q6XyfW4si-k&rco=1,nephrectomy,"0,20","10,50"
cystectomy_154,https://www.youtube.com/watch?v=H4fjQbE0KbI&rco=1,cystectomy,"0,10","2,10"
cystectomy_155,https://www.youtube.com/watch?v=iZtGnPIfQ3k&rco=1,cystectomy,"0,10","1,20"
cystectomy_156,https://www.youtube.com/watch?v=TwmRiQCywQc&rco=1,cystectomy,"0,15","15,20"
cystectomy_157,https://www.youtube.com/watch?v=CmMGve4tfHk,cystectomy,"2,00","3,40"
cystectomy_158,https://www.youtube.com/watch?v=2dq_oU2q_WU,cystectomy,"0,20","11,10"
laparoscopic_intracorporeal_159,https://www.youtube.com/watch?v=PkI2vuVrRFI,laparoscopic_intracorporeal,"0,50","7,50"
cystectomy_160,https://www.youtube.com/watch?v=9HKGf3lPvcw,cystectomy,"0,20","7,00"
cystectomy_161,https://www.youtube.com/watch?v=9uZKeCHMFGY,cystectomy,"0,10","8,10"
cystectomy_162,https://www.youtube.com/watch?v=YpdHNXzIHH4,cystectomy,"0,40","5,00"
cystectomy_163,https://www.youtube.com/watch?v=gtAc6PdVuv4,cystectomy,"0,40","12,20"
cystectomy_164,https://www.youtube.com/watch?v=oshr6DyePCE,cystectomy,"0,20","6,40"
cystectomy_165,https://www.youtube.com/watch?v=ENvNNncnSUc,cystectomy,"0,30","16,30"
cystectomy_166,https://www.youtube.com/watch?v=7P-FaMTbjCQ,cystectomy,"0,10","4,30"
cystectomy_167,https://www.youtube.com/watch?v=W1rISsDvWbs,cystectomy,"0,05","0,50"
cystectomy_168,https://www.youtube.com/watch?v=ZIOIy4Q5Bms&rco=1,cystectomy,"1,10","6,20"
cystectomy_169,https://www.youtube.com/watch?v=IVNnDvzMUeU&rco=1,cystectomy,"2,20","19,40"
cystectomy_170,https://www.youtube.com/watch?v=DLkUR0QdRoE&rco=1,cystectomy,"0,20","15,40"
cystectomy_171,https://www.youtube.com/watch?v=ENvNNncnSUc&rco=1,cystectomy,"0,40","16,30"
cystectomy_172,https://www.youtube.com/watch?v=bw12oGPOF9Y&rco=1,cystectomy,"0,50","5,50"
cystectomy_173,https://www.youtube.com/watch?v=KD9iQ6KW0iE&rco=1,cystectomy,"0,10","7,40"
hysterectomy_174,https://www.youtube.com/watch?v=x452vRG_pA4&rco=1,hysterectomy,"0,10","7,30"
oophorectomy_175,https://www.youtube.com/watch?v=KdfKnoUOJ5w&rco=1,oophorectomy,"0,20","21,30"
anatomy_176,https://www.youtube.com/watch?v=WFS-IUxVQL0&rco=1,anatomy,"0,40","9,30"
anatomy_177,https://www.youtube.com/watch?v=O5D4NExFx-I&rco=1,anatomy,"8,30","15,40"
endometriomas_178,https://www.youtube.com/watch?v=TJSgIrvUQr8&t=15s,endometriomas,"0,20","11,30"
myomectomy_179,https://www.youtube.com/watch?v=dV8URUkx-8I,myomectomy,"0,10","6,40"
endometriomas_180,https://www.youtube.com/watch?v=ZM527dC1mcM,endometriomas,"0,20","11,50"
endometriomas_181,https://www.youtube.com/watch?v=91TwVHkRtCg&rco=1,endometriomas,"0,10","6,50"
oophorectomy_182,https://www.youtube.com/watch?v=XYb06nTUqvs&rco=1,oophorectomy,"0,20","6,40"
oophorectomy_183,https://www.youtube.com/watch?v=RAuBCDsgQz8&rco=1,oophorectomy,"0,30","10,40"
oophorectomy_184,https://www.youtube.com/watch?v=KbJY0ZqP0LE&rco=1,oophorectomy,"0,00","1,20"
splenectomy_185,https://www.youtube.com/watch?v=Wf7mMqeD-Zg&ab_channel=ColorectalDiseaseJournal,splenectomy,"1,20","7,30"
splenectomy_186,https://www.youtube.com/watch?v=jeJUUc5uouo&ab_channel=SAGES-MinimallyInvasiveSurgeryVideos,splenectomy,"12,50","6,00"
splenectomy_187,https://www.youtube.com/watch?v=HzcEnloTf18&ab_channel=ColorectalDiseaseJournal,splenectomy,"1,10","6,20"
splenectomy_188,https://www.youtube.com/watch?v=zrB4i32ORhs&ab_channel=AjayKriplani,splenectomy,"2,15","10,55"
splenectomy_189,https://www.youtube.com/watch?v=SzUOduZEMrA&ab_channel=Dr.R.K.Mishra,splenectomy,"23,10","42,20"
splenectomy_190,https://www.youtube.com/watch?v=VrugfC7au0k&ab_channel=medXclusiveLearning,splenectomy,"1,00","8,20"
splenectomy_191,https://www.youtube.com/watch?v=kukSy_kZydI&ab_channel=MaxHealthcare,splenectomy,"0,00","1,40"
splenectomy_192,https://www.youtube.com/watch?v=iEZjmZTxlfk&ab_channel=SAGES-MinimallyInvasiveSurgeryVideos,splenectomy,"0,30","6,30"
splenectomy_193,https://www.youtube.com/watch?v=2g-Og3pxBiM&ab_channel=SAGES-MinimallyInvasiveSurgeryVideos,splenectomy,"0,20","6,30"
splenectomy_194,https://www.youtube.com/watch?v=K6nXCTd5vJo&ab_channel=SAGES-MinimallyInvasiveSurgeryVideos,splenectomy,"0,55","4,30"
splenectomy_195,https://www.youtube.com/watch?v=e-2DqFoKTHk&ab_channel=AsianInstituteofNephrology%26Urology,splenectomy,"1,00","5,10"
splenectomy_196,https://www.youtube.com/watch?v=SD6os6fkqpY&ab_channel=SAGES-MinimallyInvasiveSurgeryVideos,splenectomy,"1,15","6,30"
splenectomy_197,https://www.youtube.com/watch?v=uPdvAJGk1mM&ab_channel=SAGES-MinimallyInvasiveSurgeryVideos,splenectomy,"1,40","5,15"
nephrectomy_198,https://www.youtube.com/watch?v=_iNAmCfb9L0&ab_channel=WeillCornellUrology,nephrectomy,"1,10","10,30"
prostatectomy_199,https://www.youtube.com/watch?v=6V-GR7QR-Lk&ab_channel=RoboticSurgeryAcademy,prostatectomy,"0,10","53,15"
cholecystectomy_200,https://www.youtube.com/watch?v=NqBQYlSV1jQ&ab_channel=WUSTLLearnSurgery,cholecystectomy,"3,15","16,20"
pancreatectomy_201,https://www.youtube.com/watch?v=eurwkjhuY_o&ab_channel=SanthoshAnand,pancreatectomy,"0,25","17,00"
hemicolectomy_202,https://www.youtube.com/watch?v=K8tQRVaikic&ab_channel=ColorectalDiseaseJournal,hemicolectomy,"0,30","8,30"
colectomy_203,https://www.youtube.com/watch?v=90Qqg-1R3f4&ab_channel=ColorectalDiseaseJournal,colectomy,"0,45","11,50"
hemicolectomy_204,https://www.youtube.com/watch?v=W0hXlLk2JOk&ab_channel=Dr.RahulMahadar,hemicolectomy,"6,00","29,55"
splenectomy_205,https://www.youtube.com/watch?v=QQq8_SIkqk0&ab_channel=ColorectalDiseaseJournal,splenectomy,"2,25","4,40"
adrenalectomy_206,https://www.youtube.com/watch?v=VnIPVbQh6nQ&ab_channel=SAGES-MinimallyInvasiveSurgeryVideos,adrenalectomy,"2,25","5,40"
gastrectomy_207,https://www.youtube.com/watch?v=fecXdNs6rp0&ab_channel=SAGES-MinimallyInvasiveSurgeryVideos,gastrectomy,"1,10","12,20"
cholecystectomy_208,https://www.youtube.com/watch?v=HAaVQYBNcMA&ab_channel=WUSTLLearnSurgery,cholecystectomy,"7,20","29,10"
colectomy_209,https://www.youtube.com/watch?v=a4CL5D8e3R0&ab_channel=MountSinaiHealthSystem,colectomy,"0,40","4,45"
colectomy_210,https://www.youtube.com/watch?v=wcdgicJ5uLk&ab_channel=ColorectalDiseaseJournal,colectomy,"1,20","9,20"
hemicolectomy_211,https://www.youtube.com/watch?v=OD9NcVLhgSA&ab_channel=ColorectalDiseaseSurgery,hemicolectomy,"4,05","12,40"
colectomy_212,https://www.youtube.com/watch?v=M1zY1eTTm60&ab_channel=ColorectalDiseaseSurgery,colectomy,"0,55","4,10"
abdominal_resection_213,https://www.youtube.com/watch?v=5lmgbgTthZ8&ab_channel=Dr.AtulMishra,abdominal_resection,"1,05","9,35"
anterior_resection_214,https://www.youtube.com/watch?v=spJKtqKjYb0&ab_channel=ColorectalDiseaseJournal,anterior_resection,"1,05","8,40"
anterior_resection_215,https://www.youtube.com/watch?v=LpzxfMRlBVk&ab_channel=MarkSoliman%2CMD%2CFACS%2CFASCRS,anterior_resection,"0,55","37,00"
anterior_resection_216,https://www.youtube.com/watch?v=kDIF8kshEVM&ab_channel=MarkSoliman%2CMD%2CFACS%2CFASCRS,anterior_resection,"5,45","18,30"
anterior_resection_217,https://www.youtube.com/watch?v=HprLy4hUrcM&ab_channel=MarkSoliman%2CMD%2CFACS%2CFASCRS,anterior_resection,"5,25","10,20"
anterior_resection_218,https://www.youtube.com/watch?v=M84LBL6H7xc&ab_channel=MarkSoliman%2CMD%2CFACS%2CFASCRS,anterior_resection,"4,45","19,20"
anterior_resection_219,https://www.youtube.com/watch?v=OP-Mqxb_uNE&ab_channel=MarkSoliman%2CMD%2CFACS%2CFASCRS,anterior_resection,"0,50","5,00"
hysterectomy_220,https://www.youtube.com/watch?v=zprVf7hETcw&ab_channel=BonSecoursSt.FrancisHealthSystem,hysterectomy,"1,30","16,55"
colectomy_221,https://www.youtube.com/watch?v=aZwZd4ZUeM8&ab_channel=ColorectalDiseaseJournal,colectomy,"1,05","6,55"
splenic_artery_222,https://www.youtube.com/watch?v=F5VbJuLq-n4&ab_channel=SAGES-MinimallyInvasiveSurgeryVideos,splenic_artery,"0,55","7,00"
colectomy_223,https://www.youtube.com/watch?v=ibPIOa5sARA&ab_channel=Dr.DanielA.Popowich%40MinimallyInvasiveSurgeon,colectomy,"0,00","11,15"
colectomy_224,https://www.youtube.com/watch?v=zzzmOOC6L0A&ab_channel=Dr.DanielA.Popowich%40MinimallyInvasiveSurgeon,colectomy,"0,05","26,20"
colectomy_225,https://www.youtube.com/watch?v=46P4A82qhYU&ab_channel=Dr.DanielA.Popowich%40MinimallyInvasiveSurgeon,colectomy,"0,00","6,45"
colectomy_226,https://www.youtube.com/watch?v=C5eW4RySjys&ab_channel=Dr.DanielA.Popowich%40MinimallyInvasiveSurgeon,colectomy,"0,00","20,00"
colectomy_227,https://www.youtube.com/watch?v=5jl-2fElhD4&ab_channel=Dr.DanielA.Popowich%40MinimallyInvasiveSurgeon,colectomy,"0,00","18,35"
colectomy_228,https://www.youtube.com/watch?v=CLSdP-vyPGE&ab_channel=ColorectalDiseaseJournal,colectomy,"0,45","8,40"
colectomy_229,https://www.youtube.com/watch?v=lsybwDeWlAc&ab_channel=ColorectalDiseaseJournal,colectomy,"0,20","9,40"
colectomy_230,https://www.youtube.com/watch?v=xDfAz6JmXfc&ab_channel=ColorectalDiseaseJournal,colectomy,"1,15","7,45"
tympanoplasty_231,https://www.youtube.com/watch?v=uHNMcKFet7k&ab_channel=IcahnSchoolofMedicine,tympanoplasty,"1,55","6,45"
tympanoplasty_232,https://www.youtube.com/watch?v=j157nk-W2Ng&ab_channel=DrRobertVincent,tympanoplasty,"10,00","29,15"
pancreatectomy_233,https://www.youtube.com/watch?v=9VFoXHPOU8k&ab_channel=BrighamAndWomen%27sHospital,pancreatectomy,"9,15","19,20"
prostatectomy_234,https://www.youtube.com/watch?v=56Jav9AolC0&ab_channel=BrighamAndWomen'sHospital,prostatectomy,"2,40","24,55"
pyeloplasty_235,https://www.youtube.com/watch?v=I29MEPzWzNk&ab_channel=AsianInstituteofNephrology%26Urology,pyeloplasty,"6,10","44,05"
adrenalectomy_236,https://www.youtube.com/watch?v=z4goq6UNVRM&ab_channel=AsianInstituteofNephrology%26Urology,adrenalectomy,"0,10","25,05"
hysterectomy_237,https://www.youtube.com/watch?v=otVVb9vhQMU&ab_channel=ashwinthangavelu,hysterectomy,"0,15","17,25"
hysterectomy_238,https://www.youtube.com/watch?v=OOdbhFFKJ7o&ab_channel=ashwinthangavelu,hysterectomy,"0,10","6,20"
hysterectomy_239,https://www.youtube.com/watch?v=Z6uW-qD39Yg&ab_channel=DrSanketPisat,hysterectomy,"0,50","27,10"
hysterectomy_240,https://www.youtube.com/watch?v=ua_o3qPNpMc&ab_channel=DrArchitPanditMinimallyInvasiveCancerSurgeon,hysterectomy,"1,05","25,35"
hysterectomy_241,https://www.youtube.com/watch?v=BsIIHyuacIo&ab_channel=UnityPointHealth-CedarRapids,hysterectomy,"9,50","48,30"
appendectomy_242,https://www.youtube.com/watch?v=BakAQ68bDVc&rco=1,appendectomy,"31,05","1,15,20"
oophoropexy_243,https://www.youtube.com/watch?v=z5MHGDkzG24&rco=1,oophoropexy,"0,10","2,50"
oophoropexy_244,https://www.youtube.com/watch?v=Tt6mpP_Svxo&rco=1,oophoropexy,"1,00","6,30"
oophoropexy_245,https://www.youtube.com/watch?v=N8GEm87NoZU&rco=1,oophoropexy,"0,40","2,30"
oophoropexy_246,https://www.youtube.com/watch?v=SCU_itYP0hE&rco=1,oophoropexy,"0,20","3,30"
oophoropexy_247,https://www.youtube.com/watch?v=lLtzDken6jo&rco=1,oophoropexy,"1,40","6,00"
oophoropexy_248,https://www.youtube.com/watch?v=ZAyLprTK0Dg&rco=1,oophoropexy,"0,10","6,30"
oophoropexy_249,https://www.youtube.com/watch?v=XhnRlPnocEM&rco=1,oophoropexy,"0,05","2,50"
oophoropexy_250,https://www.youtube.com/watch?v=k51YDYB3zSQ,oophoropexy,"1,10","4,10"
oophoropexy_251,https://www.youtube.com/watch?v=k51YDYB3zSQ&rco=1,oophoropexy,"1,15","4,10"
oophoropexy_252,https://www.youtube.com/watch?v=NNWnBtrOVh0&rco=1,oophoropexy,"2,00","6,40"
oophoropexy_253,https://www.youtube.com/watch?v=e0VnDcK_kPY&rco=1,oophoropexy,"0,00","3,50"
oophoropexy_254,https://www.youtube.com/watch?v=CF1pYCMqhmQ&rco=1,oophoropexy,"0,40","4,50"
oophoropexy_255,https://www.youtube.com/watch?v=V0SXtLOQecQ&rco=1,oophoropexy,"0,20","3,25"
oophoropexy_256,https://www.youtube.com/watch?v=hdiU86IuIIY&rco=1,oophoropexy,"0,00","8,20"
oophoropexy_257,https://www.youtube.com/watch?v=1SJbraJYwLo&rco=1,oophoropexy,"2,00","5,40"
oophoropexy_258,https://www.youtube.com/watch?v=z5MHGDkzG24&list=PLjNaF9eMdX2KqE4XD2lLt1HFm8hUA9CfL&rco=1,oophoropexy,"0,10","2,50"
oophoropexy_259,https://www.youtube.com/watch?v=pjtm2YNwEk8&rco=1,oophoropexy,"0,25","2,10"
oophoropexy_260,https://www.youtube.com/watch?v=X4ef_l0zGy0&rco=1,oophoropexy,"1,00","55,00"
oophoropexy_261,https://www.youtube.com/watch?v=o8tgMJW3f3I&rco=1,oophoropexy,"0,20","2,20"
endometriomas_262,https://www.youtube.com/watch?v=_aF42rYVyng&rco=1,endometriomas,"1,20","5,20"
endometriomas_263,https://www.youtube.com/watch?v=ggGuD1btV4c&rco=1,endometriomas,"0,40","6,20"
endometriomas_264,https://www.youtube.com/watch?v=83KhlDhM3qc&rco=1,endometriomas,"0,20","4,50"
endometriomas_265,https://www.youtube.com/watch?v=kkz1AUtaPu0&rco=1,endometriomas,"0,05","2,30"
endometriomas_266,https://www.youtube.com/watch?v=bi16ZxuImZY&rco=1,endometriomas,"0,55","12,00"
endometriomas_267,https://www.youtube.com/watch?v=Wdw5RojnKV8&rco=1,endometriomas,"0,05","2,30"
endometriomas_268,https://www.youtube.com/watch?v=6Qvuc3UHE2U&rco=1,endometriomas,"0,00","5,00"
endometriomas_269,https://www.youtube.com/watch?v=ltiZ2-xkT_w&rco=1,endometriomas,"0,30","5,50"
endometriomas_270,https://www.youtube.com/watch?v=IlZ3aWkYPHU&rco=1,endometriomas,"3,50","10,00"
endometriomas_271,https://www.youtube.com/watch?v=zOKzY7dEleA&rco=1,endometriomas,"0,20","4,00"
endometriomas_272,https://www.youtube.com/watch?v=qxw98ojKJcw&rco=1,endometriomas,"0,20","25,40"
endometriomas_273,https://www.youtube.com/watch?v=TJSgIrvUQr8&t=40s,endometriomas,"0,00","11,00"
endometriomas_274,https://www.youtube.com/watch?v=ve3Z5Fh98_E,endometriomas,"13,30","38,00"
endometriomas_275,https://www.youtube.com/watch?v=W1-PjWW32W4&rco=1,endometriomas,"0,10","3,20"
endometriomas_276,https://www.youtube.com/watch?v=GE91p58izc8&rco=1,endometriomas,"1,30","6,50"
endometriomas_277,https://www.youtube.com/watch?v=36LaaXIM2qE&rco=1,endometriomas,"1,00","3,20"
endometriomas_278,https://www.youtube.com/watch?v=iRTX8uQXYPE&rco=1,endometriomas,"0,05","7,30"
endometriomas_279,https://www.youtube.com/watch?v=mCEL8IEfOn8&rco=1,endometriomas,"1,40","11,20"
endometriomas_280,https://www.youtube.com/watch?v=02CHzrmP1fY&rco=1,endometriomas,"0,10","4,00"
endometriomas_281,https://www.youtube.com/watch?v=Vvwzrc99dG4,endometriomas,"0,10","7,10"
endometriomas_282,https://www.youtube.com/watch?v=ZNYWi_YPo-s&rco=1,endometriomas,"0,10","5,10"
endometriomas_283,https://www.youtube.com/watch?v=ZM527dC1mcM&rco=1,endometriomas,"0,20","11,20"
endometriomas_284,https://www.youtube.com/watch?v=inUVHCLzrQQ&rco=1,endometriomas,"0,40","9,10"
endometriomas_285,https://www.youtube.com/watch?v=LTqttJHzXx0&rco=1,endometriomas,"2,30","14,20"
endometriomas_286,https://www.youtube.com/watch?v=a6XfizONVQU&rco=1,endometriomas,"0,10","9,40"
endometriomas_287,https://www.youtube.com/watch?v=gbsWkWLkBwM&rco=1,endometriomas,"0,50","37,50"
endometriomas_288,https://www.youtube.com/watch?v=98k2q6gp9PI&rco=1,endometriomas,"13,00","59,00"
endometriomas_289,https://www.youtube.com/watch?v=jeJTC3KOhpo&rco=1,endometriomas,"0,05","8,10"
endometriomas_290,https://www.youtube.com/watch?v=b7oS_BP9sLk&rco=1,endometriomas,"0,05","8,10"
myomectomy_291,https://www.youtube.com/watch?v=P6CGXBhCGKs&rco=1,myomectomy,"0,40","3,50"
myomectomy_292,https://www.youtube.com/watch?v=bKz70MsJJQI&rco=1,myomectomy,"0,00","1,40"
myomectomy_293,https://www.youtube.com/watch?v=_UksOZK_jl8&rco=1,myomectomy,"3,10","21,30"
myomectomy_294,https://www.youtube.com/watch?v=Za54bWl08BM&rco=1,myomectomy,"7,00","21,40"
myomectomy_295,https://www.youtube.com/watch?v=TiB4LPZ2GNo&rco=1,myomectomy,"0,30","8,00"
myomectomy_296,https://www.youtube.com/watch?v=3WRatFhFqO0&rco=1,myomectomy,"0,00","1,40"
myomectomy_297,https://www.youtube.com/watch?v=xBFUNFtAgaA&rco=1,myomectomy,"1,40","14,00"
myomectomy_298,https://www.youtube.com/watch?v=hA8cdZZB54Q,myomectomy,"2,20","6,20"
hernia_299,https://www.youtube.com/watch?v=oldvdhamw-o&rco=1,hernia,"0,00","2,00"
hernia_300,https://www.youtube.com/watch?v=_JUqCnFMCe8&rco=1,hernia,"0,10","5,00"
hernia_301,https://www.youtube.com/watch?v=hKMDUzrWDe8&rco=1,hernia,"1,40","7,40"
hernia_302,https://www.youtube.com/watch?v=3pMvB0rnokQ&rco=1,hernia,"0,30","4,00"
hernia_303,https://www.youtube.com/watch?v=2-0DhY0AyvQ&rco=1,hernia,"0,40","7,40"
hernia_304,https://www.youtube.com/watch?v=jET_nEe4PNI&rco=1,hernia,"1,20","10,00"
hernia_305,https://www.youtube.com/watch?v=Nz9Z9sFYHM0&rco=1,hernia,"1,20","12,30"
hernia_306,https://www.youtube.com/watch?v=lCLGFoQIutA&rco=1,hernia,"1,00","9,40"
hernia_307,https://www.youtube.com/watch?v=IF8vSnXMDdc&rco=1,hernia,"0,00","4,20"
hernia_308,https://www.youtube.com/watch?v=iSWXC15kNAs&rco=1,hernia,"0,00","7,20"
hernia_309,https://www.youtube.com/watch?v=7TMdSTGzDss&rco=1,hernia,"0,10","5,50"
hernia_310,https://www.youtube.com/watch?v=h0uJwY4ZqN0&rco=1,hernia,"0,30","6,50"
hernia_311,https://www.youtube.com/watch?v=4Fovw0VZ7bM&rco=1,hernia,"0,40","9,00"
hernia_312,https://www.youtube.com/watch?v=OXAWnJTifO8&rco=1,hernia,"1,10","15,50"
hernia_313,https://www.youtube.com/watch?v=xHJNwuGI3PI&rco=1,hernia,"1,50","32,00"
hernia_314,https://www.youtube.com/watch?v=wmjNkYX3qOM&rco=1,hernia,"1,30","6,45"
hernia_315,https://www.youtube.com/watch?v=IliLUr9VUPU&rco=1,hernia,"0,30","9,10"
lap_fundoplication_316,https://www.youtube.com/watch?v=_U8oz9xCamE&rco=1,lap_fundoplication,"1,20","7,20"
lap_fundoplication_317,https://www.youtube.com/watch?v=8Eh-E43nm7k&rco=1,lap_fundoplication,"1,00","23,00"
lap_fundoplication_318,https://www.youtube.com/watch?v=JKC82dQBAs4&rco=1,lap_fundoplication,"0,00","21,00"
lap_fundoplication_319,https://www.youtube.com/watch?v=8lRrtfyKT5U&rco=1,lap_fundoplication,"0,40","9,30"
lap_fundoplication_320,https://www.youtube.com/watch?v=ht7qxMPE00Q&rco=1,lap_fundoplication,"1,00","13,50"
splenectomy_321,https://www.youtube.com/watch?v=QQq8_SIkqk0,splenectomy,"2,25","4,40"
colectomy_322,https://www.youtube.com/watch?v=bCRl1Qpi140,colectomy,"0,00","17,45"
prostatectomy_323,https://www.youtube.com/watch?v=PLp7A6lgr0o&ab_channel=AsianInstituteofNephrology%26Urology,prostatectomy,"13,00","1,13,00"
pyeloplasty_324,https://www.youtube.com/watch?v=nUJd6Fw-ttM&ab_channel=AsianInstituteofNephrology%26Urology,pyeloplasty,"10,55","1,08,30"
pyeloplasty_325,https://www.youtube.com/watch?v=BICev81iMgI&ab_channel=AsianInstituteofNephrology%26Urology,pyeloplasty,"10,30","1,08,10"
hysterectomy_326,https://www.youtube.com/watch?v=UTRAt57UMjk&ab_channel=Dr.R.K.Mishra,hysterectomy,"6,20","26,35"
hysterectomy_327,https://www.youtube.com/watch?v=jpWRkN1Lbt4&ab_channel=Dr.R.K.Mishra,hysterectomy,"0,30","19,30"
hysterectomy_328,https://www.youtube.com/watch?v=7kFTv0tyuM0&ab_channel=Dr.R.K.Mishra,hysterectomy,"0,15","14,30"
appendectomy_329,https://www.youtube.com/watch?v=yg6VyT0mbYg&ab_channel=MaxHealthcare,appendectomy,"0,00","0,45"
gastrectomy_330,https://www.youtube.com/watch?v=PER5EFFWEAY&ab_channel=mehmetaliyerdel,gastrectomy,"5,20","55,00"
gastrectomy_331,https://www.youtube.com/watch?v=7eWBbXrDyGU&ab_channel=JohnPilcher%2CBariatricSurgeon,gastrectomy,"0,05","14,00"
cystectomy_332,https://www.youtube.com/watch?v=jOFXzMbeAps&ab_channel=SLUCare,cystectomy,"1,10","9,05"
cystectomy_333,https://www.youtube.com/watch?v=cbXRFwbyX9g&ab_channel=AUAUniversity,cystectomy,"0,45","7,40"
nephrectomy_334,https://www.youtube.com/watch?v=GQm90mWVMJM&ab_channel=BrighamAndWomen%27sHospital,nephrectomy,"3,45","21,40"
nephrectomy_335,https://www.youtube.com/watch?v=56Jav9AolC0&ab_channel=BrighamAndWomen%27sHospital,nephrectomy,"2,40","24,55"
prostatectomy_336,https://www.youtube.com/watch?v=Xr-7w-eiNUk&ab_channel=AsianInstituteofNephrology%26Urology,prostatectomy,"2,00","54,00"
nephrectomy_337,https://www.youtube.com/watch?v=gNM0XXjtCco&ab_channel=NepeanUrologyResearchGroup,nephrectomy,"0,25","14,10"
nephrectomy_338,https://www.youtube.com/watch?v=QHx0GMOkolQ&ab_channel=NepeanUrologyResearchGroup,nephrectomy,"0,50","17,15"
nephrectomy_339,https://www.youtube.com/watch?v=oiwssH_bgpg&ab_channel=SeattleScienceFoundation,nephrectomy,"4,50","44,15"
nephrectomy_340,https://www.youtube.com/watch?v=KWn-iaapnuo&ab_channel=GrandRoundsinUrology,nephrectomy,"12,30","16,30"
nephrectomy_341,https://www.youtube.com/watch?v=zNaBE53glfA&ab_channel=Dr.R.K.Mishra,nephrectomy,"3,20","25,20"
nephrectomy_342,https://www.youtube.com/watch?v=Lwwl4uV7YFQ&ab_channel=Dr.SandeepNayak,nephrectomy,"1,45","23,30"
nephrectomy_343,https://www.youtube.com/watch?v=iwmETIFTKH8&ab_channel=AsianInstituteofNephrology%26Urology,nephrectomy,"3,35","55,10"
nephrectomy_344,https://www.youtube.com/watch?v=iwmETIFTKH8&ab_channel=AsianInstituteofNephrology%26Urology,nephrectomy,"0,35","44,00"
prostatectomy_345,https://www.youtube.com/watch?v=pcM5do8DhSI,prostatectomy,"1,50","9,25"
prostatectomy_346,https://www.youtube.com/watch?v=c3R8aE2rhW4&ab_channel=BonSecoursSt.FrancisHealthSystem,prostatectomy,"2,20","17,10"
prostatectomy_347,https://www.youtube.com/watch?v=NitKIjCcS7U&ab_channel=TheProstateClinic,prostatectomy,"0,05","5,50"
prostatectomy_348,https://www.youtube.com/watch?v=9WacMabNLVs&ab_channel=TheProstateClinic,prostatectomy,"0,05","15,05"
prostatectomy_349,https://www.youtube.com/watch?v=NTSImQsfci0&ab_channel=TheProstateClinic,prostatectomy,"0,05","12,55"
prostatectomy_350,https://www.youtube.com/watch?v=yc4AkRBnewE&ab_channel=TheProstateClinic,prostatectomy,"0,05","9,05"
prostatectomy_351,https://www.youtube.com/watch?v=3i90ixAjKaA&ab_channel=TheProstateClinic,prostatectomy,"0,05","4,40"
lymphadenectomy_352,https://www.youtube.com/watch?v=AslCUdpSaig&ab_channel=ArtemStepanyan,lymphadenectomy,"1,40","28,05"
lymphadenectomy_353,https://www.youtube.com/watch?v=x582L6hob0U&ab_channel=ColorectalDiseaseJournal,lymphadenectomy,"0,05","6,20"
lymphadenectomy_354,https://www.youtube.com/watch?v=SqUi0MYIhtU&ab_channel=ColorectalDiseaseJournal,lymphadenectomy,"1,15","7,10"
lymphadenectomy_355,https://www.youtube.com/watch?v=DieLiZ3FBCQ&ab_channel=ColorectalDiseaseJournal,lymphadenectomy,"0,55","9,15"
lymphadenectomy_356,https://www.youtube.com/watch?v=gt35qUqTLRQ&ab_channel=NabilMoulay,lymphadenectomy,"0,00","20,40"
hemicolectomy_357,https://www.youtube.com/watch?v=s0v31F32WdE&ab_channel=ColorectalDiseaseJournal,hemicolectomy,"1,40","8,05"
hemicolectomy_358,https://www.youtube.com/watch?v=Xi28LOKgmoM&ab_channel=Dr.DanielA.Popowich%40MinimallyInvasiveSurgeon,hemicolectomy,"0,00","20,05"
lymphadenectomy_359,https://www.youtube.com/watch?v=IZ9BQ_4O-48&ab_channel=CTSNetVideo,lymphadenectomy,"0,20","9,05"
lymphadenectomy_360,https://www.youtube.com/watch?v=R7Qsw5Y5lOI&ab_channel=ClaymanThyroidCancerCenter,lymphadenectomy,"0,10","4,55"
thyroidectomy_361,https://www.youtube.com/watch?v=IiBg-fSNSxc&ab_channel=ClaymanThyroidCancerCenter,thyroidectomy,"0,20","4,35"
thyroidectomy_362,https://www.youtube.com/watch?v=u4Na19ctKGk&ab_channel=ClaymanThyroidCancerCenter,thyroidectomy,"0,15","18,25"
thyroidectomy_363,https://www.youtube.com/watch?v=OHb62qQCc9g&ab_channel=ClaymanThyroidCancerCenter,thyroidectomy,"1,00","4,55"
thyroid_lobectomy_364,https://www.youtube.com/watch?v=EhQ-yXqB8no&ab_channel=ClaymanThyroidCancerCenter,thyroid_lobectomy,"0,40","4,10"
thyroid_lobectomy_365,https://www.youtube.com/watch?v=rLfkz5Fggg4&ab_channel=SurgerybyProf.Chintamani,thyroid_lobectomy,"2,45","11,00"
thyroidectomy_366,https://www.youtube.com/watch?v=4KGzvS0_Zvk&ab_channel=DundeeInstituteofHeadandneckEducation-DIHNE,thyroidectomy,"1,20","7,10"
lymphadenectomy_367,https://www.youtube.com/watch?v=P1TWSCyQGpQ&ab_channel=AUAUniversity,lymphadenectomy,"0,15","8,00"
lymphadenectomy_368,https://www.youtube.com/watch?v=-pVtn8fUP88&ab_channel=ArtemStepanyan,lymphadenectomy,"2,50","29,30"
mesorectal_excision_369,https://www.youtube.com/watch?v=eMQYZb3mhjU&ab_channel=ColorectalDiseaseJournal,mesorectal_excision,"2,20","14,00"
mesorectal_excision_370,https://www.youtube.com/watch?v=Pa2s7VwPQ64&ab_channel=ColorectalDiseaseJournal,mesorectal_excision,"2,10","7,00"
mesorectal_excision_371,https://www.youtube.com/watch?v=nCCU8QscI9c&ab_channel=ColorectalDiseaseJournal,mesorectal_excision,"1,45","9,35"
mesorectal_excision_372,https://www.youtube.com/watch?v=WtIUn5i9QC8&ab_channel=ColorectalDiseaseJournal,mesorectal_excision,"0,45","9,15"
abdominal_resection_373,https://www.youtube.com/watch?v=JrAKVYlIDOM&ab_channel=SAGES-MinimallyInvasiveSurgeryVideos,abdominal_resection,"0,20","5,50"
abdominal_resection_374,https://www.youtube.com/watch?v=VG9d6ZglHpk&ab_channel=ColorectalDiseaseJournal,abdominal_resection,"2,25","9,20"
anterior_resection_375,https://www.youtube.com/watch?v=Q69Ewv1o7UU&ab_channel=ColorectalDiseaseJournal,anterior_resection,"1,15","9,00"
anterior_resection_376,https://www.youtube.com/watch?v=PT3iEguTsUw,anterior_resection,"0,25","10,20"
anterior_resection_377,https://www.youtube.com/watch?v=r5C8Ve04bEw&ab_channel=ColorectalDiseaseSurgery,anterior_resection,"1,40","18,15"
anterior_resection_378,https://www.youtube.com/watch?v=IL3Ab_ZIDGw&ab_channel=ColorectalDiseaseSurgery,anterior_resection,"2,10","15,05"
colectomy_379,https://www.youtube.com/watch?v=di-3fT-3K70&ab_channel=GIBLIB,colectomy,"3,30","24,40"
thyroidectomy_380,https://www.youtube.com/watch?v=wzFAPKu2A8g&ab_channel=IcahnSchoolofMedicine,thyroidectomy,"1,50","8,00"
thyroidectomy_381,https://www.youtube.com/watch?v=S20OPanp5qw&ab_channel=SAGES-MinimallyInvasiveSurgeryVideos,thyroidectomy,"1,30","4,25"
surgical resection_382,https://www.youtube.com/watch?v=EccFvrF1_pE&ab_channel=MicroNeuroSurgeryOrg,surgical resection,"1,15","11,45"
craniotomy_383,https://www.youtube.com/watch?v=xItILW9OaKM&ab_channel=MicroNeuroSurgeryOrg,craniotomy,"4,40","18,50"
craniotomy_384,https://www.youtube.com/watch?v=cil034xgU0U&ab_channel=MicroNeuroSurgeryOrg,craniotomy,"1,15","16,35"
spinal_resection_385,https://www.youtube.com/watch?v=pW-jh_1pR3A&ab_channel=SeattleScienceFoundation,spinal_resection,"0,50","15,50"
surgical_resection_386,https://www.youtube.com/watch?v=e-jceP3O0eY&ab_channel=MicroNeuroSurgeryOrg,surgical_resection,"1,15","7,40"
craniotomy_387,https://www.youtube.com/watch?v=-sWqNC1LQ_Q&ab_channel=BarrowNeurologicalInstitute,craniotomy,"1,45","5,45"
craniotomy_388,https://www.youtube.com/watch?v=KB7uD004tqs&ab_channel=BarrowNeurologicalInstitute,craniotomy,"1,35","4,55"
aneurysm_389,https://www.youtube.com/watch?v=LD6R--3YLtc&ab_channel=BarrowNeurologicalInstitute,aneurysm,"4,15","20,30"
mesorectal_excision_390,https://www.youtube.com/watch?v=ZBmp1ZWzXpM&ab_channel=DiseasesoftheColonandRectumJournal,mesorectal_excision,"1,45","6,05"
colonoscopy_391,https://www.youtube.com/watch?v=4aK_2QgNEkU&ab_channel=GottumukkalaS.Raju,colonoscopy,"2,15","20,55"
colonoscopy_392,https://www.youtube.com/watch?v=0vFIH-JLc6M,colonoscopy,"3,00","13,10"
colonoscopy_393,https://www.youtube.com/watch?v=2kxzmc3KfQA&ab_channel=GottumukkalaS.Raju,colonoscopy,"1,15","9,45"
colonoscopy_394,https://www.youtube.com/watch?v=UcRuv5xscMw&ab_channel=GottumukkalaS.Raju,colonoscopy,"0,10","6,45"
colonoscopy_395,https://www.youtube.com/watch?v=-8JUCDChxew&ab_channel=GottumukkalaS.Raju,colonoscopy,"0,45","24,55"
colonoscopy_396,https://www.youtube.com/watch?v=pZxHF6yol-E&ab_channel=GottumukkalaS.Raju,colonoscopy,"1,00","18,55"
colonoscopy_397,https://www.youtube.com/watch?v=22sMJ2_BfXA&ab_channel=GottumukkalaS.Raju,colonoscopy,"1,30","17,35"
colonoscopy_398,https://www.youtube.com/watch?v=M1N5Bk1dRBE&ab_channel=GottumukkalaS.Raju,colonoscopy,"0,30","4,50"
colonoscopy_399,https://www.youtube.com/watch?v=cuOGmw1MOrE&ab_channel=GottumukkalaS.Raju,colonoscopy,"0,30","13,35"
colonoscopy_400,https://www.youtube.com/watch?v=ZUH60f6Jz8A&ab_channel=PrecisionGI,colonoscopy,"2,00","3,10"
colonoscopy_401,https://www.youtube.com/watch?v=1pxWg4vCWWY&ab_channel=ShyamVaradarajulu,colonoscopy,"3,25","7,40"
colonoscopy_402,https://www.youtube.com/watch?v=8QwS9g2qOXQ&ab_channel=GottumukkalaS.Raju,colonoscopy,"1,20","20,55"
colonoscopy_403,https://www.youtube.com/watch?v=lgm-Kkxz0uI&ab_channel=GottumukkalaS.Raju,colonoscopy,"0,00","23,50"
colonoscopy_404,https://www.youtube.com/watch?v=iRFF-J7BZ1E,colonoscopy,"0,30","18,35"
colonoscopy_405,https://www.youtube.com/watch?v=e7_tHCano2g&ab_channel=GottumukkalaS.Raju,colonoscopy,"0,50","19,40"
colonoscopy_406,https://www.youtube.com/watch?v=8TwUHbCVyLU&ab_channel=KennethBinmoeller,colonoscopy,"7,25","20,20"
colonoscopy_407,https://www.youtube.com/watch?v=jjSXyvgLwS8&ab_channel=VideoGIEJournal,colonoscopy,"6,25","7,55"
colonoscopy_408,https://www.youtube.com/watch?v=xnDjv9As9XA&ab_channel=monzahmed,colonoscopy,"3,45","20,15"
craniotomy_409,https://www.youtube.com/watch?v=Zhe2e0k0ffo&ab_channel=MicroNeuroSurgeryOrg,craniotomy,"0,15","10,05"
craniotomy_410,https://www.youtube.com/watch?v=_--2rTEmhKA&ab_channel=MicroNeuroSurgeryOrg,craniotomy,"4,00","21,10"
aneurysm_411,https://www.youtube.com/watch?v=eePcyOMi85M&ab_channel=AmericanAssociationofNeurologicalSurgeons,aneurysm,"1,45","10,15"
craniotomy_412,https://www.youtube.com/watch?v=eDeiMrGoE0Q&list=PLA7A46D6877130A0F&ab_channel=AmericanAssociationofNeurologicalSurgeons,craniotomy,"2,15","3,45"
craniotomy_413,https://www.youtube.com/watch?v=lyOfOQ3sBdU&list=PLA7A46D6877130A0F&index=2&ab_channel=AmericanAssociationofNeurologicalSurgeons,craniotomy,"2,20","5,50"
craniotomy_414,https://www.youtube.com/watch?v=logCCn3uKUc&list=PLA7A46D6877130A0F&index=3&ab_channel=AmericanAssociationofNeurologicalSurgeons,craniotomy,"4,00","6,50"
craniotomy_415,https://www.youtube.com/watch?v=LMpz_YTFC0g&list=PLA7A46D6877130A0F&index=4&ab_channel=AmericanAssociationofNeurologicalSurgeons,craniotomy,"4,55","8,15"
craniotomy_416,https://www.youtube.com/watch?v=3WESejZbk90&list=PLA7A46D6877130A0F&index=5&ab_channel=AmericanAssociationofNeurologicalSurgeons,craniotomy,"5,15","6,25"
craniotomy_417,https://www.youtube.com/watch?v=VSLPq010Q-o,craniotomy,"2,20","8,05"
craniotomy_418,https://www.youtube.com/watch?v=cvEZB0IoEIE,craniotomy,"1,35","8,10"
craniotomy_419,https://www.youtube.com/watch?v=xDCB7v9xC9Q,craniotomy,"1,40","11,00"
craniotomy_420,https://www.youtube.com/watch?v=ZiExgd7JOqs,craniotomy,"2,10","10,50"
craniotomy_421,https://www.youtube.com/watch?v=e-jceP3O0eY&ab_channel=MicroNeuroSurgeryOrgg,craniotomy,"1,00","8,00"
craniotomy_422,https://www.youtube.com/watch?v=86_PxoyYp9o,craniotomy,"4,05","13,40"
thoracic_laminectomy_423,https://www.youtube.com/watch?v=djnnYzg7SEc,thoracic_laminectomy,"0,15","8,25"
craniotomy_424,https://www.youtube.com/watch?v=VXcZOjl9C48,craniotomy,"1,05","5,00"
craniotomy_425,https://www.youtube.com/watch?v=cil034xgU0U&ab_channel=MicroNeuroSurgeryOrgg,craniotomy,"1,30","17,00"
craniotomy_426,https://www.youtube.com/watch?v=VZPGdqfmBLM,craniotomy,"1,05","6,05"
craniotomy_427,https://www.youtube.com/watch?v=wbXp7mc0vT4,craniotomy,"2,15","13,20"
craniotomy_428,https://www.youtube.com/watch?v=bv0lMPbX7BY,craniotomy,"0,30","10,45"
craniotomy_429,https://www.youtube.com/watch?v=ZfNB_rhlyeI,craniotomy,"4,00","12,30"
craniotomy_430,https://www.youtube.com/watch?v=xllKSOXDuNM,craniotomy,"0,10","19,10"
craniotomy_431,https://www.youtube.com/watch?v=QZmzctjAEbw,craniotomy,"1,00","10,30"
craniotomy_432,https://www.youtube.com/watch?v=g6SQ5JVK0Ko,craniotomy,"1,10","8,40"
craniotomy_433,https://www.youtube.com/watch?v=VKfe1cBHwZo,craniotomy,"0,35","11,15"
craniotomy_434,https://www.youtube.com/watch?v=Ex_vLZV9Aag,craniotomy,"2,55","6,25"
craniotomy_435,https://www.youtube.com/watch?v=gWBJHWIaQuI,craniotomy,"2,20","6,00"
craniotomy_436,https://www.youtube.com/watch?v=Q1w8w6Oac-I,craniotomy,"2,05","5,20"
craniotomy_437,https://www.youtube.com/watch?v=9tBJFwnKiDY,craniotomy,"1,35","4,15"
craniotomy_438,https://www.youtube.com/watch?v=lE75pEIbcYs,craniotomy,"2,55","5,50"
craniotomy_439,https://www.youtube.com/watch?v=34fddDD6XAY,craniotomy,"2,20","6,20"
craniotomy_440,https://www.youtube.com/watch?v=jxy-IEl0psM,craniotomy,"5,05","1,40"
craniotomy_441,https://www.youtube.com/watch?v=WLdtUCgKW2s,craniotomy,"1,50","5,10"
craniotomy_442,https://www.youtube.com/watch?v=3uisLp56Eu8,craniotomy,"2,20","5,30"
craniotomy_443,https://www.youtube.com/watch?v=mjbaK8ZdEco,craniotomy,"1,35","4,55"
craniotomy_444,https://www.youtube.com/watch?v=Z4NejXGuIhA,craniotomy,"2,00","5,00"
craniotomy_445,https://www.youtube.com/watch?v=Ca_DuECG7A0,craniotomy,"2,40","6,10"
craniotomy_446,https://www.youtube.com/watch?v=1P0nIZki5Nk,craniotomy,"1,55","6,00"
craniotomy_447,https://www.youtube.com/watch?v=KB7uD004tqs&ab_channel=BarrowNeurologicalInstitutee,craniotomy,"1,31","4,55"
craniotomy_448,https://www.youtube.com/watch?v=sUt-9QFGgCI,craniotomy,"2,01","9,30"
turbinectomy_449,https://www.youtube.com/watch?v=e6203R9HHmk,turbinectomy,"2,10","7,10"
turbinectomy_450,https://www.youtube.com/watch?v=JJY6nYKTCSg,turbinectomy,"0,55","8,35"
turbinectomy_451,https://www.youtube.com/watch?v=6pSwdYsN9hk,turbinectomy,"1,50","8,30"
turbinectomy_452,https://www.youtube.com/watch?v=ClL73FU5QIU,turbinectomy,"1,45","9,55"
turbinectomy_453,https://www.youtube.com/watch?v=Gu6yOp51Df0,turbinectomy,"0,55","7,10"
septoplasty_454,https://www.youtube.com/watch?v=9uBEvWmjydc,septoplasty,"0,45","9,15"